-- phpMyAdmin SQL Dump
-- version 4.7.7
-- https://www.phpmyadmin.net/
--
-- Host: localhost
-- Generation Time: Sep 18, 2018 at 06:35 AM
-- Server version: 5.5.31
-- PHP Version: 5.6.33

SET SQL_MODE = "NO_AUTO_VALUE_ON_ZERO";
SET AUTOCOMMIT = 0;
START TRANSACTION;
SET time_zone = "+00:00";


/*!40101 SET @OLD_CHARACTER_SET_CLIENT=@@CHARACTER_SET_CLIENT */;
/*!40101 SET @OLD_CHARACTER_SET_RESULTS=@@CHARACTER_SET_RESULTS */;
/*!40101 SET @OLD_COLLATION_CONNECTION=@@COLLATION_CONNECTION */;
/*!40101 SET NAMES utf8mb4 */;

--
-- Database: `yakovserv_turing`
--

-- --------------------------------------------------------

--
-- Table structure for table `Broker_code`
--

CREATE TABLE `Broker_code` (
  `id` int(10) NOT NULL,
  `zen` int(10) NOT NULL,
  `email` varchar(30) NOT NULL
) ENGINE=InnoDB DEFAULT CHARSET=latin1;

--
-- Dumping data for table `Broker_code`
--

INSERT INTO `Broker_code` (`id`, `zen`, `email`) VALUES
(18361, 16, 'adar'),
(156156, 0, 'yuvalkaminir@gmail.com');

-- --------------------------------------------------------

--
-- Table structure for table `turing_broker`
--

CREATE TABLE `turing_broker` (
  `broker_id` int(10) NOT NULL,
  `username` varchar(25) NOT NULL,
  `Money` int(10) NOT NULL,
  `id` int(100) NOT NULL
) ENGINE=InnoDB DEFAULT CHARSET=latin1;

--
-- Dumping data for table `turing_broker`
--

INSERT INTO `turing_broker` (`broker_id`, `username`, `Money`, `id`) VALUES
(18361, '', 0, 42),
(14441, '', 0, 43),
(18591, '', 14, 44),
(49953, '', 5, 45),
(52249, '', 0, 46),
(34793, '', 0, 47),
(27443, '', 0, 48),
(96851, '', 0, 49),
(18739, '', 0, 50),
(39711, '', 0, 51),
(79316, '', 0, 52),
(93767, '', 0, 53),
(92928, '', 0, 54),
(50666, '', 0, 55),
(50854, '', 0, 56),
(73901, '', 0, 57),
(62501, '', 0, 58),
(61660, '', 0, 59),
(82436, '', 0, 60),
(20859, '', 0, 61),
(37185, '', 0, 62),
(34314, '', 0, 63),
(55856, '', 0, 64),
(33745, '', 0, 65),
(26328, '', 0, 66),
(91602, '', 0, 67),
(93855, '', 0, 68),
(38708, '', 0, 69),
(14320, '', 0, 70),
(23000, '', 0, 71),
(87859, '', 0, 72),
(22581, '', 0, 73),
(16987, '', 0, 74),
(72217, '', 0, 75),
(33459, '', 0, 76),
(75651, '', 0, 77),
(66004, '', 0, 78),
(40936, '', 0, 79),
(67568, '', 0, 80),
(68348, '', 0, 81),
(37666, '', 0, 82);

-- --------------------------------------------------------

--
-- Table structure for table `turing_contact`
--

CREATE TABLE `turing_contact` (
  `id` int(11) NOT NULL,
  `fullname` text NOT NULL,
  `phone` text NOT NULL,
  `email` text NOT NULL,
  `content` longtext NOT NULL,
  `date` text NOT NULL,
  `ip` text NOT NULL,
  `status` int(11) NOT NULL
) ENGINE=InnoDB DEFAULT CHARSET=utf8;

-- --------------------------------------------------------

--
-- Table structure for table `turing_editblock`
--

CREATE TABLE `turing_editblock` (
  `id` int(11) NOT NULL,
  `name` varchar(25) NOT NULL,
  `json` longtext NOT NULL
) ENGINE=InnoDB DEFAULT CHARSET=utf8;

--
-- Dumping data for table `turing_editblock`
--

INSERT INTO `turing_editblock` (`id`, `name`, `json`) VALUES
(1, 'index', '{\"h1_banner\":\"בואו להנות מהדור החדש של אחסון האתרים בישראל\",\"h1_subbanner\":\"אחסון, שירות וביצועים ברמה חדשה שלא הכרתם. נשמע מעניין? בואו לשמוע מה יש לנו להציע!\",\"p_subcustomers\":\"בואו לראות מה הלקוחות הותיקים שלנו חושבים עלינו\",\"p_price\":\"אז למה אתם מחכים? קבלו הצעת מחיר לחבילה מותאמת עבורכם!\",\"p_pricedesc\":\"\",\"p_service\":\"בואו לגלות אילו שירותים אנחנו מציעים לכם\"}'),
(2, 'about', '{\"title\":\"מה מייחד את SkyWork משאר החברות?\",\"subtitle\":\"שירות איכותי , יחודי ומענה ללא פשרות\",\"aboutCompany\":\"חברתנו הוקמה בסוף שנת 2017 כדי לתת לכם מענה לשירותי אינטרנט כגון ,<b> שרתי משחק , דומיינים , אחסון אתרים , שרתים וירטואלים ועוד </b>. לחברתנו צוות אנשים בעל שנים של נסיון וידע בתחום שיתנו לכם מענה לכל בעיה ובכל שעה , חברתנו ידועה במחיר הוגן לכל כיס ובשרתים איכותיים,צוות העסק פעיל בכל שעות היום על מנת לספק את השירות הטוב, המועיל והמהיר ביותר שיספק את הרצונות של כל הלקוחות הרשומים לעסק וגם לאלו שעדיין לא ומעוניינים להצטרף לבית סקייוורק,אנו מתחייבים להעניק לכם חוויה מהנה במשחק ללא תקלות או בעיות במוצר. שרתינו מוגנים בהגנות המחמירות ביותר, הגנות מפני DDoS המתקדמות ביותר ובנוסף אנו משתמשים בשרתים מהירים ועמידים.\",\"v1\":\"שירות לקוחות 24/7 וזמינות 24 שעות ביממה\",\"v2\":\"שימוש בשרתים האיכותיים ביותר, מאוחסנים בחוות השרת של בזק\",\"v3\":\"צוות איכותי עם נסיון, אנשים מעולים וצוות חם ואוהב\",\"team_title\":\"בואו להכיר את הצוות שלנו!\",\"team_subtitle\":\"הצוות שלנו מקצועי ובכל נסיון של שנים רבות\",\"p_price\":\"אז למה אתם מחכים? קבלו הצעת מחיר לחבילה מותאמת עבורכם!\",\"p2_price\":\"\"}'),
(3, 'hosting', '{\"title\":\"אחסון אתרים - הבית של האתר שלך\",\"subtitle\":\"\",\"text1\":\"אמנם, לא הרבה מודעים לעובדה הזו, אבל לשרת שמאחסן את האתר שלכם יש חשיבות עליונה בתפקוד של האתר, והדבר משפיע ישירות גם על הגולשים האנושיים המגיעים לאתר וגם על אפשרות קידום האתר במנועי החיפוש (SEO). ההשפעה של שרת האחסון על הצלחתו של אתר מתבטאת במספר פרמטרים, כמו זמינותו של השרת, זמני התגובה של שרת אחסון אתרים וזמן עליית דפי אתר במלואם וכן הלאה. בכל הפרמטרים האלה, ישנה השפעה ישירה, לא רק לתכונותיו של שרת אחסון, אלא גם למיקומו הגיאוגרפי של השרת ולתכונות נוספות שלו.\",\"text2\":\"קודם כל, חשוב לבחור שרת אחסון שמציע חבילות אחסון שאינן מגבילות את התעבורה. הדבר האחרון שאתם רוצים לגלות (בזמן אמת ובדרך הקשה) היא, שהתעבורה לאתר שלכם מוגבלת, בדיוק אחרי שהרמתם קמפיין שמכניס אלפי לקוחות פוטנציאלים לאתר שלכם. חשוב גם להתאים את נפח האחסון לאופיו ולדרישותיו של האתר. רוב האתרים יכולים להסתפק בנפח אחסון קטן יחסית, אבל אם לאתר שלכם דרישות מיוחדות, רצוי שתבחרו את השרת והחבילה המתאימה לצרכיכם. דבר נוסף שצריך לוודא, הוא ה-UpTime של האתר, כלומר - זמינותו באוויר. שרתים &quot;נופלים&quot; או מאותחלים גרועים מאד לתדמית העסקית שלכם, ולכן, מומלץ לבחור חברה המבטיחה לכן זמינות של לפחות 99% ומעלה. קריטריון נוסף שצריך לבדוק הוא החברה שמפעילה את השרת. וכאן, כמובן, תמיד תהיה עדיפות לחברה ישראלית שפעילה בשעות הפעילות שלכם, מתקשרת איתכם בעברית ומאפשרת לכם קבלת שירות במספר ערוצי תקשורת (ולא ערוץ בודד, כמו רק מייל או רק טלפון). ו... דבר אחרון, וחשוב ביותר - הוא אמצעי האבטחה הננקטים להגנת השרת והאתרים המאוחסנים בו.\\r\\n\\r\\nאתם מעוניינים להעניק לאתר שלכם אחסון בשרת איכותי ומוגן?\\r\\nסקייוורק מציעה מערך שרתים גדול במיוחד ובו שרתים יציבים מהטובים בארץ. זמינותם של השרתים שלנו גבוהה במיוחד, וכל שרתינו נמצאים במערך גיבוי מהמשוכללים ומהגדולים בארץ. <b>אנחנו לא מתפשרים על איכות שרתי אחסון האתרים שלנו</b>, ובכל גודל חבילה שתבחרו, תיהנו מאחסון איכותי ומשתלם.\\r\\nכמו כן, לסקייוורק פרישת שרתים במגוון מדינות ברחבי העולם, כך שתוכלו לבחור לאחסן את האתר שלכם במיקומים שונים בעולם, ולזכות בהשפעה המקסימלית של קרבת השרת לקהל היעד של האתר שלכם.\",\"title2\":\"אם כן, כיצד בוחרים שרת אחסון אתרים מתאים לאתר שלכם?\"}'),
(4, 'contact', '{\"title\":\"צור קשר\"}'),
(5, 'vps', '{\"why_choose\":\"למה לבחור בנו?\",\r\n\"title\":\"מהו שרת וירטואלי (VPS)\",\r\n\"sub_title\":\"שרתי VPS שנקראים גם <b>שרתים וירטואלים</b> זה שרת שהוא חלק משרת יעודי שנפתח במטרה לספק שירות ישיר ואישי ללקוח\"\r\n,\r\n\"text1\":\" <b>שרת וירטואלי</b> הוא סוג של שרת יעודי, שיושב בתוך השרת המשותף. הקצאת המשאבים לכל לקוח בשרתים כאלה, היא פרטנית ומותאמת לצרכי כל אחד מהלקוחות המתארחים בשרת. כל לקוח בשרת וירטואלי כזה נחשב ליחידה סגורה ומבודדת בפני עצמה (בדומה לבידוד שמבטיח השרת הייעודי, שכולו מוקדש אך ורק ללקוח אחד) ולכן, חומות האבטחה הקיימות הן יעילות יותר, ולא קיים חשש שפגיעה באחד מלקוחות המאוחסנים האחרים בשרת עלולה לפגוע גם בלקוחות האחרים המאוחסנים באותו השרת. מחיר אחסון בשרת וירטואלי פרטי נמצא באמצע בין שני סוגי האחסון האחרים - הוא זול מאחסון בשרת ייעודי, אבל קצת יותר יקר מאחסון בשרת שיתופי. אבל, למרות שהוא יקר רק במעט יותר מאחסון בשרת שיתופי, הוא מעניק ללקוחות שמשתמשים בו אבטחה הדוקה בהרבה יותר.\",\r\n\"title2\":\"האתר שלכם חשוב לכם? אתם רוצים להעניק לו אחסון מאובטח ואיכותי? הגיוני לגמרי!\",\r\n\"text2\":\"לכן, אנחנו בסקייוורק מציעים לכם מערך שרתים וירטואליים גדול היושב על שרתים יציבים,שנחשבים מהטובים בארץ.בנוסף לאספקט האבטחה המוגברת של השרתים וירטואלים,זמינותם של השרתים שאנחנו מפעילים היא גבוהה במיוחד,והם נמצאים במערך גיבוי מהמשוכלים שישנם בארץ.כך שלא משנה באיזה גודל חבילה שתבחרו,תיהנו מאחסון איכותי.\",\r\n\"choose1_title\":\"שרתים מהירים\",\"choose1_text\":\"שרת שיתופי מתארחים מאות אתרים המשתמשים באותם משאבים פיזיים וללא חלוקה מבוקרת, לעומת זאת חלוקת המשאבים בשרת וירטואלי אופטימלית יותר, ועל כן האתר אשר יושב על שרת VPS ירוץ בצורה מהירה הרבה יותר.\",\r\n\"choose2_title\":\"טכנולוגיה מתקדמת\",\"choose2_text\":\"כונני ה-SSD  הם כוננים זריזים מהירים ובטוחים הרבה יותר, דיסק הפלאש מסוגל להעביר קבצים במהירות של עד פי 5 מדיסק קשיח רגיל\",\r\n\"choose3_title\":\"הגנות DDOS\",\"choose3_text\":\"לחברתינו הגנות DDOS המסוגלים להגן עליכם\"\r\n}\r\n'),
(6, 'mc', '{\"title\":\"Minecraft\",\"content\":\"אחד מהדברים האדירים שהטכנולוגיה הביא לחיים שלנו, הם משחקי הרשת אונליין. בהתחלה, הם היו פרטניים וצולעים קצת, אבל כיום, כמעט ולא ניתן למצוא מישהו, מילדים ועד אנשים מבוגרים שלא משחק לפחות במשחק רשת אחד - Minecraft, Mu Online, Counter Strike ואפילו שחמט, זוכים לאלפי משתתפים בכל יום. כתוצאה מכך, שרתי משחק שמופעלים על ידי גופים פרטיים (ולא על ידי חברות-ענק), הפכו להיות נפוצים הרבה יותר, ומאפשרים לחובבי הגיימינג להפעיל בעצמם שרתי משחק, ולהציע לחובבי גיימינג אחרים את מגרש המשחקים הדרוש להם.\\r\\n\\r\\nמה חשוב שיהיה בשרתי משחק?\\r\\nאבל, כדי שמשחק כזה אטרקטיבי למשתמשים בו וייצור להם חוויית משחק טובה יותר (כי, זו המטרה, לא?), צריכים להתקיים כמה תנאים, שרובם קשורים לנתוני שרתי משחק. למשל, יציבות - חשוב מאד ששרתי משחק יהיו יציבים, בלי Jitters עד כמה שאפשר, ועם פינגים נמוכים (מתחת ל-100), כדי שהמשחק יזרום ללא בעיות. דבר נוסף שחשוב (בעיקר לשחקנים) הוא המודים, שהופכים את המשחק מסתם משחק לחוויה אמיתית וממכרת.\\r\\n\\r\\nלמה דווקא סקייוורק?\\r\\nאנחנו מציעים את חבילות שרתי המשחק הזולות בישראל (אתם יכולים לבדוק אותנו, אנחנו כבר בדקנו!)\\r\\nהשרתים שלנו (שפונים לשחקנים ישראלים) ממוקמים בישראל - מה שאומר שמשחקים שלכם מקבלים פינגים נמוכים באופן קבוע, בלי Jitters או הפרעות אחרות שעלולות לקטוע את רצף המשחק ולהפריע להנאה של המשחקים. בנוסף, יש לנו שרתים במדינות אחרות, כמו גרמניה וצרפת, אם אתם פונים לגיימרים באירופה.\\r\\nהשרתים שלנו מאובטחים בהגנות DDOS שכלולות בתוך החבילות עצמן, כך שאתם לא צריכים לשלם לאבטחה באופן נפרד.\\r\\nפאנל הניהול שלנו הוא חדשני, בעיצוב ייחודי שלנו, וגם מודולרי, כך שתוכלו לשלוט עליו ולסדר אותו איך שמתאים לכם\\r\\nבחבילות שלנו נכללות גישות FTP, שיכולות להקל עליכם את הניהול\\r\\nאנחנו מאפשרים גישת RDP מאובטחת\\r\\nברוב/בכל החבילות שלנו כלולים מודים לבחירה\\r\\nאנחנו מחזיקים מספר שרתי משחק, כך שבמקרה של תקלה באחד מהשרתים, תמיד נוכל להעביר אתכם לשרת אחר, תקין וזמין\\r\\n \\r\\nאנחנו, בסקייוורק מתייחסים ברצינות רבה למשחקים שלנו,\\r\\nואתם?\"}'),
(7, 'mu', '{\"title\":\"MuOnline - אמיו אונלין\",\"content\":\"אחד מהדברים האדירים שהטכנולוגיה הביא לחיים שלנו, הם משחקי הרשת אונליין. בהתחלה, הם היו פרטניים וצולעים קצת, אבל כיום, כמעט ולא ניתן למצוא מישהו, מילדים ועד אנשים מבוגרים שלא משחק לפחות במשחק רשת אחד - Minecraft, Mu Online, Counter Strike ואפילו שחמט, זוכים לאלפי משתתפים בכל יום. כתוצאה מכך, שרתי משחק שמופעלים על ידי גופים פרטיים (ולא על ידי חברות-ענק), הפכו להיות נפוצים הרבה יותר, ומאפשרים לחובבי הגיימינג להפעיל בעצמם שרתי משחק, ולהציע לחובבי גיימינג אחרים את מגרש המשחקים הדרוש להם.\\r\\n\\r\\nמה חשוב שיהיה בשרתי משחק?\\r\\nאבל, כדי שמשחק כזה אטרקטיבי למשתמשים בו וייצור להם חוויית משחק טובה יותר (כי, זו המטרה, לא?), צריכים להתקיים כמה תנאים, שרובם קשורים לנתוני שרתי משחק. למשל, יציבות - חשוב מאד ששרתי משחק יהיו יציבים, בלי Jitters עד כמה שאפשר, ועם פינגים נמוכים (מתחת ל-100), כדי שהמשחק יזרום ללא בעיות. דבר נוסף שחשוב (בעיקר לשחקנים) הוא המודים, שהופכים את המשחק מסתם משחק לחוויה אמיתית וממכרת.\\r\\n\\r\\nלמה דווקא סקייוורק?\\r\\nאנחנו מציעים את חבילות שרתי המשחק הזולות בישראל (אתם יכולים לבדוק אותנו, אנחנו כבר בדקנו!)\\r\\nהשרתים שלנו (שפונים לשחקנים ישראלים) ממוקמים בישראל - מה שאומר שמשחקים שלכם מקבלים פינגים נמוכים באופן קבוע, בלי Jitters או הפרעות אחרות שעלולות לקטוע את רצף המשחק ולהפריע להנאה של המשחקים. בנוסף, יש לנו שרתים במדינות אחרות, כמו גרמניה וצרפת, אם אתם פונים לגיימרים באירופה.\\r\\nהשרתים שלנו מאובטחים בהגנות DDOS שכלולות בתוך החבילות עצמן, כך שאתם לא צריכים לשלם לאבטחה באופן נפרד.\\r\\nפאנל הניהול שלנו הוא חדשני, בעיצוב ייחודי שלנו, וגם מודולרי, כך שתוכלו לשלוט עליו ולסדר אותו איך שמתאים לכם\\r\\nבחבילות שלנו נכללות גישות FTP, שיכולות להקל עליכם את הניהול\\r\\nאנחנו מאפשרים גישת RDP מאובטחת\\r\\nברוב/בכל החבילות שלנו כלולים מודים לבחירה\\r\\nאנחנו מחזיקים מספר שרתי משחק, כך שבמקרה של תקלה באחד מהשרתים, תמיד נוכל להעביר אתכם לשרת אחר, תקין וזמין\\r\\n\\r\\nאנחנו, בסקייוורק מתייחסים ברצינות רבה למשחקים שלנו,\\r\\nואתם?\"}'),
(8, 'fl', '{\"title\":\"Flyff\",\"content\":\"אחד מהדברים האדירים שהטכנולוגיה הביא לחיים שלנו, הם משחקי הרשת אונליין. בהתחלה, הם היו פרטניים וצולעים קצת, אבל כיום, כמעט ולא ניתן למצוא מישהו, מילדים ועד אנשים מבוגרים שלא משחק לפחות במשחק רשת אחד - Minecraft, Mu Online, Counter Strike ואפילו שחמט, זוכים לאלפי משתתפים בכל יום. כתוצאה מכך, שרתי משחק שמופעלים על ידי גופים פרטיים (ולא על ידי חברות-ענק), הפכו להיות נפוצים הרבה יותר, ומאפשרים לחובבי הגיימינג להפעיל בעצמם שרתי משחק, ולהציע לחובבי גיימינג אחרים את מגרש המשחקים הדרוש להם.\\r\\n\\r\\nמה חשוב שיהיה בשרתי משחק?\\r\\nאבל, כדי שמשחק כזה אטרקטיבי למשתמשים בו וייצור להם חוויית משחק טובה יותר (כי, זו המטרה, לא?), צריכים להתקיים כמה תנאים, שרובם קשורים לנתוני שרתי משחק. למשל, יציבות - חשוב מאד ששרתי משחק יהיו יציבים, בלי Jitters עד כמה שאפשר, ועם פינגים נמוכים (מתחת ל-100), כדי שהמשחק יזרום ללא בעיות. דבר נוסף שחשוב (בעיקר לשחקנים) הוא המודים, שהופכים את המשחק מסתם משחק לחוויה אמיתית וממכרת.\\r\\n\\r\\nלמה דווקא סקייוורק?\\r\\nאנחנו מציעים את חבילות שרתי המשחק הזולות בישראל (אתם יכולים לבדוק אותנו, אנחנו כבר בדקנו!)\\r\\nהשרתים שלנו (שפונים לשחקנים ישראלים) ממוקמים בישראל - מה שאומר שמשחקים שלכם מקבלים פינגים נמוכים באופן קבוע, בלי Jitters או הפרעות אחרות שעלולות לקטוע את רצף המשחק ולהפריע להנאה של המשחקים. בנוסף, יש לנו שרתים במדינות אחרות, כמו גרמניה וצרפת, אם אתם פונים לגיימרים באירופה.\\r\\nהשרתים שלנו מאובטחים בהגנות DDOS שכלולות בתוך החבילות עצמן, כך שאתם לא צריכים לשלם לאבטחה באופן נפרד.\\r\\nפאנל הניהול שלנו הוא חדשני, בעיצוב ייחודי שלנו, וגם מודולרי, כך שתוכלו לשלוט עליו ולסדר אותו איך שמתאים לכם\\r\\nבחבילות שלנו נכללות גישות FTP, שיכולות להקל עליכם את הניהול\\r\\nאנחנו מאפשרים גישת RDP מאובטחת\\r\\nברוב/בכל החבילות שלנו כלולים מודים לבחירה\\r\\nאנחנו מחזיקים מספר שרתי משחק, כך שבמקרה של תקלה באחד מהשרתים, תמיד נוכל להעביר אתכם לשרת אחר, תקין וזמין\\r\\n\\r\\nאנחנו, בסקייוורק מתייחסים ברצינות רבה למשחקים שלנו,\\r\\nואתם?\"}'),
(9, 'samp', '{\"title\":\"SAMP - שרתי סאמפ\",\"content\":\"אחד מהדברים האדירים שהטכנולוגיה הביא לחיים שלנו, הם משחקי הרשת אונליין. בהתחלה, הם היו פרטניים וצולעים קצת, אבל כיום, כמעט ולא ניתן למצוא מישהו, מילדים ועד אנשים מבוגרים שלא משחק לפחות במשחק רשת אחד - Minecraft, Mu Online, Counter Strike ואפילו שחמט, זוכים לאלפי משתתפים בכל יום. כתוצאה מכך, שרתי משחק שמופעלים על ידי גופים פרטיים (ולא על ידי חברות-ענק), הפכו להיות נפוצים הרבה יותר, ומאפשרים לחובבי הגיימינג להפעיל בעצמם שרתי משחק, ולהציע לחובבי גיימינג אחרים את מגרש המשחקים הדרוש להם.\\r\\n\\r\\nמה חשוב שיהיה בשרתי משחק?\\r\\nאבל, כדי שמשחק כזה אטרקטיבי למשתמשים בו וייצור להם חוויית משחק טובה יותר (כי, זו המטרה, לא?), צריכים להתקיים כמה תנאים, שרובם קשורים לנתוני שרתי משחק. למשל, יציבות - חשוב מאד ששרתי משחק יהיו יציבים, בלי Jitters עד כמה שאפשר, ועם פינגים נמוכים (מתחת ל-100), כדי שהמשחק יזרום ללא בעיות. דבר נוסף שחשוב (בעיקר לשחקנים) הוא המודים, שהופכים את המשחק מסתם משחק לחוויה אמיתית וממכרת.\\r\\n\\r\\nלמה דווקא סקייוורק?\\r\\nאנחנו מציעים את חבילות שרתי המשחק הזולות בישראל (אתם יכולים לבדוק אותנו, אנחנו כבר בדקנו!)\\r\\nהשרתים שלנו (שפונים לשחקנים ישראלים) ממוקמים בישראל - מה שאומר שמשחקים שלכם מקבלים פינגים נמוכים באופן קבוע, בלי Jitters או הפרעות אחרות שעלולות לקטוע את רצף המשחק ולהפריע להנאה של המשחקים. בנוסף, יש לנו שרתים במדינות אחרות, כמו גרמניה וצרפת, אם אתם פונים לגיימרים באירופה.\\r\\nהשרתים שלנו מאובטחים בהגנות DDOS שכלולות בתוך החבילות עצמן, כך שאתם לא צריכים לשלם לאבטחה באופן נפרד.\\r\\nפאנל הניהול שלנו הוא חדשני, בעיצוב ייחודי שלנו, וגם מודולרי, כך שתוכלו לשלוט עליו ולסדר אותו איך שמתאים לכם\\r\\nבחבילות שלנו נכללות גישות FTP, שיכולות להקל עליכם את הניהול\\r\\nאנחנו מאפשרים גישת RDP מאובטחת\\r\\nברוב/בכל החבילות שלנו כלולים מודים לבחירה\\r\\nאנחנו מחזיקים מספר שרתי משחק, כך שבמקרה של תקלה באחד מהשרתים, תמיד נוכל להעביר אתכם לשרת אחר, תקין וזמין\\r\\n\\r\\nאנחנו, בסקייוורק מתייחסים ברצינות רבה למשחקים שלנו,\\r\\nואתם?\"}'),
(10, 'csgo', '{\"title\":\"Counter Strike : Global Offensive - סיאס גו\",\"content\":\"אחד מהדברים האדירים שהטכנולוגיה הביא לחיים שלנו, הם משחקי הרשת אונליין. בהתחלה, הם היו פרטניים וצולעים קצת, אבל כיום, כמעט ולא ניתן למצוא מישהו, מילדים ועד אנשים מבוגרים שלא משחק לפחות במשחק רשת אחד - Minecraft, Mu Online, Counter Strike ואפילו שחמט, זוכים לאלפי משתתפים בכל יום. כתוצאה מכך, שרתי משחק שמופעלים על ידי גופים פרטיים (ולא על ידי חברות-ענק), הפכו להיות נפוצים הרבה יותר, ומאפשרים לחובבי הגיימינג להפעיל בעצמם שרתי משחק, ולהציע לחובבי גיימינג אחרים את מגרש המשחקים הדרוש להם.\\r\\n\\r\\nמה חשוב שיהיה בשרתי משחק?\\r\\nאבל, כדי שמשחק כזה אטרקטיבי למשתמשים בו וייצור להם חוויית משחק טובה יותר (כי, זו המטרה, לא?), צריכים להתקיים כמה תנאים, שרובם קשורים לנתוני שרתי משחק. למשל, יציבות - חשוב מאד ששרתי משחק יהיו יציבים, בלי Jitters עד כמה שאפשר, ועם פינגים נמוכים (מתחת ל-100), כדי שהמשחק יזרום ללא בעיות. דבר נוסף שחשוב (בעיקר לשחקנים) הוא המודים, שהופכים את המשחק מסתם משחק לחוויה אמיתית וממכרת.\\r\\n\\r\\nלמה דווקא סקייוורק?\\r\\nאנחנו מציעים את חבילות שרתי המשחק הזולות בישראל (אתם יכולים לבדוק אותנו, אנחנו כבר בדקנו!)\\r\\nהשרתים שלנו (שפונים לשחקנים ישראלים) ממוקמים בישראל - מה שאומר שמשחקים שלכם מקבלים פינגים נמוכים באופן קבוע, בלי Jitters או הפרעות אחרות שעלולות לקטוע את רצף המשחק ולהפריע להנאה של המשחקים. בנוסף, יש לנו שרתים במדינות אחרות, כמו גרמניה וצרפת, אם אתם פונים לגיימרים באירופה.\\r\\nהשרתים שלנו מאובטחים בהגנות DDOS שכלולות בתוך החבילות עצמן, כך שאתם לא צריכים לשלם לאבטחה באופן נפרד.\\r\\nפאנל הניהול שלנו הוא חדשני, בעיצוב ייחודי שלנו, וגם מודולרי, כך שתוכלו לשלוט עליו ולסדר אותו איך שמתאים לכם\\r\\nבחבילות שלנו נכללות גישות FTP, שיכולות להקל עליכם את הניהול\\r\\nאנחנו מאפשרים גישת RDP מאובטחת\\r\\nברוב/בכל החבילות שלנו כלולים מודים לבחירה\\r\\nאנחנו מחזיקים מספר שרתי משחק, כך שבמקרה של תקלה באחד מהשרתים, תמיד נוכל להעביר אתכם לשרת אחר, תקין וזמין\\r\\n\\r\\nאנחנו, בסקייוורק מתייחסים ברצינות רבה למשחקים שלנו,\\r\\nואתם?\"}'),
(11, 'cs', '{\"title\":\"Counter Strike 1.6 - סיאס 1.6\",\"content\":\"אחד מהדברים האדירים שהטכנולוגיה הביא לחיים שלנו, הם משחקי הרשת אונליין. בהתחלה, הם היו פרטניים וצולעים קצת, אבל כיום, כמעט ולא ניתן למצוא מישהו, מילדים ועד אנשים מבוגרים שלא משחק לפחות במשחק רשת אחד - Minecraft, Mu Online, Counter Strike ואפילו שחמט, זוכים לאלפי משתתפים בכל יום. כתוצאה מכך, שרתי משחק שמופעלים על ידי גופים פרטיים (ולא על ידי חברות-ענק), הפכו להיות נפוצים הרבה יותר, ומאפשרים לחובבי הגיימינג להפעיל בעצמם שרתי משחק, ולהציע לחובבי גיימינג אחרים את מגרש המשחקים הדרוש להם.\\r\\n\\r\\nמה חשוב שיהיה בשרתי משחק?\\r\\nאבל, כדי שמשחק כזה אטרקטיבי למשתמשים בו וייצור להם חוויית משחק טובה יותר (כי, זו המטרה, לא?), צריכים להתקיים כמה תנאים, שרובם קשורים לנתוני שרתי משחק. למשל, יציבות - חשוב מאד ששרתי משחק יהיו יציבים, בלי Jitters עד כמה שאפשר, ועם פינגים נמוכים (מתחת ל-100), כדי שהמשחק יזרום ללא בעיות. דבר נוסף שחשוב (בעיקר לשחקנים) הוא המודים, שהופכים את המשחק מסתם משחק לחוויה אמיתית וממכרת.\\r\\n\\r\\nלמה דווקא סקייוורק?\\r\\nאנחנו מציעים את חבילות שרתי המשחק הזולות בישראל (אתם יכולים לבדוק אותנו, אנחנו כבר בדקנו!)\\r\\nהשרתים שלנו (שפונים לשחקנים ישראלים) ממוקמים בישראל - מה שאומר שמשחקים שלכם מקבלים פינגים נמוכים באופן קבוע, בלי Jitters או הפרעות אחרות שעלולות לקטוע את רצף המשחק ולהפריע להנאה של המשחקים. בנוסף, יש לנו שרתים במדינות אחרות, כמו גרמניה וצרפת, אם אתם פונים לגיימרים באירופה.\\r\\nהשרתים שלנו מאובטחים בהגנות DDOS שכלולות בתוך החבילות עצמן, כך שאתם לא צריכים לשלם לאבטחה באופן נפרד.\\r\\nפאנל הניהול שלנו הוא חדשני, בעיצוב ייחודי שלנו, וגם מודולרי, כך שתוכלו לשלוט עליו ולסדר אותו איך שמתאים לכם\\r\\nבחבילות שלנו נכללות גישות FTP, שיכולות להקל עליכם את הניהול\\r\\nאנחנו מאפשרים גישת RDP מאובטחת\\r\\nברוב/בכל החבילות שלנו כלולים מודים לבחירה\\r\\nאנחנו מחזיקים מספר שרתי משחק, כך שבמקרה של תקלה באחד מהשרתים, תמיד נוכל להעביר אתכם לשרת אחר, תקין וזמין\\r\\n\\r\\nאנחנו, בסקייוורק מתייחסים ברצינות רבה למשחקים שלנו,\\r\\nואתם?\"}'),
(12, 'gm', '{\"title\":\"Garrys Mod - גרייס מוד\",\"content\":\"אחד מהדברים האדירים שהטכנולוגיה הביא לחיים שלנו, הם משחקי הרשת אונליין. בהתחלה, הם היו פרטניים וצולעים קצת, אבל כיום, כמעט ולא ניתן למצוא מישהו, מילדים ועד אנשים מבוגרים שלא משחק לפחות במשחק רשת אחד - Minecraft, Mu Online, Counter Strike ואפילו שחמט, זוכים לאלפי משתתפים בכל יום. כתוצאה מכך, שרתי משחק שמופעלים על ידי גופים פרטיים (ולא על ידי חברות-ענק), הפכו להיות נפוצים הרבה יותר, ומאפשרים לחובבי הגיימינג להפעיל בעצמם שרתי משחק, ולהציע לחובבי גיימינג אחרים את מגרש המשחקים הדרוש להם.\\r\\n\\r\\nמה חשוב שיהיה בשרתי משחק?\\r\\nאבל, כדי שמשחק כזה אטרקטיבי למשתמשים בו וייצור להם חוויית משחק טובה יותר (כי, זו המטרה, לא?), צריכים להתקיים כמה תנאים, שרובם קשורים לנתוני שרתי משחק. למשל, יציבות - חשוב מאד ששרתי משחק יהיו יציבים, בלי Jitters עד כמה שאפשר, ועם פינגים נמוכים (מתחת ל-100), כדי שהמשחק יזרום ללא בעיות. דבר נוסף שחשוב (בעיקר לשחקנים) הוא המודים, שהופכים את המשחק מסתם משחק לחוויה אמיתית וממכרת.\\r\\n\\r\\nלמה דווקא סקייוורק?\\r\\nאנחנו מציעים את חבילות שרתי המשחק הזולות בישראל (אתם יכולים לבדוק אותנו, אנחנו כבר בדקנו!)\\r\\nהשרתים שלנו (שפונים לשחקנים ישראלים) ממוקמים בישראל - מה שאומר שמשחקים שלכם מקבלים פינגים נמוכים באופן קבוע, בלי Jitters או הפרעות אחרות שעלולות לקטוע את רצף המשחק ולהפריע להנאה של המשחקים. בנוסף, יש לנו שרתים במדינות אחרות, כמו גרמניה וצרפת, אם אתם פונים לגיימרים באירופה.\\r\\nהשרתים שלנו מאובטחים בהגנות DDOS שכלולות בתוך החבילות עצמן, כך שאתם לא צריכים לשלם לאבטחה באופן נפרד.\\r\\nפאנל הניהול שלנו הוא חדשני, בעיצוב ייחודי שלנו, וגם מודולרי, כך שתוכלו לשלוט עליו ולסדר אותו איך שמתאים לכם\\r\\nבחבילות שלנו נכללות גישות FTP, שיכולות להקל עליכם את הניהול\\r\\nאנחנו מאפשרים גישת RDP מאובטחת\\r\\nברוב/בכל החבילות שלנו כלולים מודים לבחירה\\r\\nאנחנו מחזיקים מספר שרתי משחק, כך שבמקרה של תקלה באחד מהשרתים, תמיד נוכל להעביר אתכם לשרת אחר, תקין וזמין\\r\\n\\r\\nאנחנו, בסקייוורק מתייחסים ברצינות רבה למשחקים שלנו,\\r\\nואתם?\"}'),
(13, 'clouds', '{\"title\":\"גיבוי בענן - הקבצים שלך שמורים איתנו\",\"subtitle\":\"לשמור על הקבצים שלך במקום בטוח.\",\"text1\":\"s\",\"text2\":\"\",\"title2\":\"מהו גיבוי בענן?\"}'),
(14, 'links', '{\"text1\":\"אחסון אתרים\",\"text2\":\"שרתי משחק\",\"text3\":\"אירוח אתרים\",\"text4\":\"שרתים יעודיים.\",\"text5\":\"שרתים וירטואלים\"}');

-- --------------------------------------------------------

--
-- Table structure for table `turing_links`
--

CREATE TABLE `turing_links` (
  `id` int(11) NOT NULL,
  `title` text CHARACTER SET utf8 NOT NULL,
  `name` text CHARACTER SET utf8 NOT NULL,
  `link` text CHARACTER SET utf8 NOT NULL,
  `index` int(11) NOT NULL
) ENGINE=InnoDB DEFAULT CHARSET=latin1;

--
-- Dumping data for table `turing_links`
--

INSERT INTO `turing_links` (`id`, `title`, `name`, `link`, `index`) VALUES
(8, 'שירותים', 'שרתי משחק', 'https://www.skywork.co.il/game-servers', 1),
(9, 'שירותים', 'אחסון אתרים', 'https://www.skywork.co.il/hosting', 2),
(10, 'שירותים', 'גיבוי בענן', 'https://www.skywork.co.il/clouds', 3),
(11, 'שירותים', 'שרתים וירטואלים', 'https://www.skywork.co.il/vps', 4),
(12, 'שירותים', 'דומיינים', 'https://www.skywork.co.il/domains', 5),
(15, 'קישורים', 'פאנל שרתי משחק', 'https://gamescp.co.il', 3),
(16, 'מפת האתר', 'דף הבית', 'https://www.skywork.co.il/index.php', 1),
(17, 'מפת האתר', 'אודותינו', 'https://www.skywork.co.il/about', 2),
(18, 'מפת האתר', 'שרתים וירטואלים בישראל', 'https://www.skywork.co.il/vps', 3),
(19, 'מפת האתר', 'אירוח אתרים', 'https://www.skywork.co.il/hosting', 3),
(20, 'מפת האתר', 'צור קשר', 'https://www.skywork.co.il/contact', 5),
(22, 'קישורים', 'שרתים יעודיים', 'https://www.skywork.co.il/vps', 5),
(23, 'תקנון', 'תקנון', 'tos.html', 3);

-- --------------------------------------------------------

--
-- Table structure for table `turing_members`
--

CREATE TABLE `turing_members` (
  `id` int(11) NOT NULL,
  `username` text NOT NULL,
  `firstname` text NOT NULL,
  `lastname` text NOT NULL,
  `job` varchar(50) NOT NULL DEFAULT 'לא זמין',
  `picture` varchar(150) NOT NULL DEFAULT 'assets/images/customer.png',
  `status` int(11) NOT NULL,
  `password` text NOT NULL,
  `email` text NOT NULL,
  `phone` text NOT NULL,
  `address` text NOT NULL,
  `business_name` text NOT NULL,
  `business_id` int(11) NOT NULL,
  `gender` enum('male','female') CHARACTER SET latin1 NOT NULL,
  `email_message` enum('enable','disable') CHARACTER SET latin1 NOT NULL,
  `registration_date` text NOT NULL,
  `ip` text NOT NULL,
  `level` text NOT NULL,
  `broker_id` int(5) NOT NULL
) ENGINE=InnoDB DEFAULT CHARSET=utf8;

--
-- Dumping data for table `turing_members`
--

INSERT INTO `turing_members` (`id`, `username`, `firstname`, `lastname`, `job`, `picture`, `status`, `password`, `email`, `phone`, `address`, `business_name`, `business_id`, `gender`, `email_message`, `registration_date`, `ip`, `level`, `broker_id`) VALUES
(10, '', 'יעקב', 'חסקל', 'מנכ&quot;ל העסק', 'assets/images/yakov.png', 1, 'd5834ff08c6360637d16a5929fac97a5', 'yakovserv3@gmail.com', '0505800258', 'בת ים אלי כהן 7', 'SkyWork', 318870227, 'male', 'enable', '1514575487', '93.172.114.172', '1', 0),
(13, '', 'אדר', 'אלקבץ', 'מנכ&quot;ל העסק', 'https://skywork.co.il/adar.jpg', 1, 'bea82648b71d54f459643d6ba1c5fa08', 'adarelk2@gmail.com', '0545899779', 'עפולה תאשור, 18 545899779', 'פילפ', 206820953, 'male', 'enable', '1514659087', '141.101.98.239', '1', 18361),
(14, '', 'שקד', 'קמל', 'מנכ&quot;ל העסק', 'assets/images/customer.png', 1, '4297f44b13955235245b2497399d7a93', 'shakedkam@walla.com', '0548843939', 'בת ים גבעתי 19', 'skywork', 314917949, 'male', 'disable', '1514684350', '141.101.99.48', '3', 0),
(16, '', 'דניאל', 'פריי', 'אחראי תמיכה', 'http://www.up2me.co.il/images/33064550.png', 1, '2715614637eee5da605902687bc3f6fc', 'danielskywork@gmail.com', '0527792378', '  0', 'skywork', 323923011, 'male', 'enable', '1514724344', '172.68.110.11', '3', 0),
(18, '', 'נהוראי', 'טל', 'לא זמין', 'assets/images/customer.png', 1, '44e060409f3abe74e1b912408e1890cc', 'neoraytal221@gmail.com', '0558868998', 'תל אביב חיים בר לב 154', 'ספק-שירותים', 325844884, 'male', 'enable', '1514833878', '172.68.110.41', '3', 0),
(20, '', 'Or', 'Moshe', 'לא זמין', 'assets/images/customer.png', 1, '0f245285e347b2758e2d9688185ab9f1', 'sapackshirootim@gmail.com', '0505050505', '  0', '', 0, 'female', 'enable', '1515513122', '162.158.91.61', '3', 0),
(21, '', 'עומרי', 'אקאג\'ני', 'לא זמין', 'assets/images/customer.png', 1, '63f9f0eb18adaf57d23666f3ba8f160f', 'omriebay11@gmail.com', '0503949784', 'אשדוד כסלו 39', 'Sa-MP IL', 208185199, 'male', 'enable', '1515964570', '162.158.89.57', '3', 0),
(22, '', 'רועי', 'מזרחי', 'לא זמין', 'assets/images/customer.png', 1, '67612c2380621c3e0b08ec66de91dc6f', '11roeigorgo11@gmail.com', '0526452437', 'נהריה גרינבואים 13 7', 'לה גופרה', 311151922, 'male', 'enable', '1516222225', '162.158.34.6', '3', 0),
(23, '', 'nehoray', 'naim', 'לא זמין', 'assets/images/customer.png', 1, '7641432e6a550f0ddb3cc963934e1009', 'gamesmegail71@gmail.com', '0534200412', 'eilat halilan 19/2, halilan 19/2 19', '0534200412', 214097370, 'male', 'enable', '1516292928', '162.158.92.234', '3', 0),
(24, '', 'אביעד', 'מלכה', 'לא זמין', 'assets/images/customer.png', 1, 'eabb6d664ab024cbb4fcc899b4c2b3d9', 'lorkesamp@gmail.com', '0557243221', 'חסוי חסוי 1', 'חסוי', 123123123, 'female', 'enable', '1516492878', '141.101.69.53', '3', 0),
(26, '', 'אלמוג', 'סיטניצקי', 'לא זמין', 'assets/images/customer.png', 1, '116ed7e080d4c8821481110f41c0f792', 'almog054@hotmail.com', '0549141978', 'כרמיאל מישגב 33/4 4', 'almogd', 206607137, 'female', 'enable', '1516890543', '141.101.107.152', '3', 18361),
(28, '', 'נתנאל', 'שיטובי', 'לא זמין', 'assets/images/customer.png', 1, '20b60b5e93b4d7374765034992d68bb2', 'natishitubi@gmail.com', '0528555939', 'רמלה יהודה שטיין 16 3', 'טקטיקל אמיו', 0, 'male', 'enable', '1516982042', '162.158.155.106', '3', 0),
(29, '', 'ניסו', 'בורוכב', 'לא זמין', 'assets/images/customer.png', 1, '4044075f95fdc10e8086b4efe81c715a', 'niso14721@gmail.com', '0522242284', 'לוד גל214 -2', '', 0, 'male', 'enable', '1517049574', '141.101.107.128', '3', 0),
(30, '', 'יוסי', 'מזרחי', 'לא זמין', 'assets/images/customer.png', 1, '25d55ad283aa400af464c76d713c07ad', 'yosi17@walla.com', '0523634646', '  0', '', 0, 'male', 'disable', '1517095191', '141.101.107.218', '3', 0),
(33, '', 'שליו', 'אנונימי', 'לא זמין', 'assets/images/customer.png', 1, 'f5b675e656072870f2b353911c231ac2', 'shalevkoga12@gmail.com', '0509898566', 'תל אביב אנונימי 2', 'ServersClub', 27845423, 'male', 'disable', '1517928569', '162.158.88.46', '3', 0),
(34, '', 'רזיאל', 'חסקל', 'לא זמין', 'assets/images/customer.png', 1, '46886b53afe3da14e463e2febd71bdbd', 'razielheskal@gmail.com', '0526376196', 'בת ים אלי כהן 7', 'סקייורק', 318870227, 'male', 'enable', '1518423887', '141.101.98.252', '1', 0),
(43, '', 'נוי', 'בואנו', 'לא זמין', 'assets/images/customer.png', 1, '75b3226a699ab5342651fbd4ad70560e', 'noybueno90@gmail.com', '0584340974', 'ירושלים', 'SkyWork', 318870221, 'male', 'enable', '1518805441', '162.158.88.238', '1', 0),
(44, '', 'יעקב', 'חסקל', 'לא זמין', 'assets/images/customer.png', 1, 'd5834ff08c6360637d16a5929fac97a5', 'yakovheskel@gmail.com', '0505803258', 'בת ים אלי כהן 7', 'סקייורק', 318870227, 'male', 'enable', '1518887252', '141.101.99.181', '3', 0),
(45, '', 'עומר', 'שמשון', 'לא זמין', 'assets/images/customer.png', 1, '6c2eaef38f11f4387b26265694c4284e', 'omers2001@gmail.com', '0527301114', '  0', '', 0, 'male', 'disable', '1519077170', '141.101.107.134', '3', 0),
(46, '', 'Sami', 'Mirov', 'לא זמין', 'assets/images/customer.png', 1, '20db3f9e1a0ffd94f4e53756f0244ad0', 'samimirov5063@gmail.com', '0545366986', 'Holon holon moshe sharet 25 25', 'Rebound Gaming RP', 209545268, 'male', 'enable', '1519161148', '141.101.99.43', '3', 0),
(47, '', 'Adar', 'Elkabetz', 'לא זמין', 'assets/images/customer.png', 1, 'bea82648b71d54f459643d6ba1c5fa08', 'adarelk1@gmail.com', '0545899776', 'עפולה תאשור, 18 0', 'none', 206820953, 'female', 'disable', '1519479936', '162.158.90.44', '2', 0),
(48, '', 'Rotem', 'Sinai', 'לא זמין', 'assets/images/customer.png', 1, 'cd3f8bf46051906b3c502958e59e6b68', 'rotemsinaii@gmail.com', '0509619798', '  0', '', 0, 'male', 'disable', '1519499069', '141.101.98.126', '3', 0),
(51, '', 'נתנאל', 'ברזה', 'לא זמין', 'assets/images/customer.png', 1, 'f28b8fe9b6f67aa7401d6679217bddab', 'robidox111@gmail.com', '0548629091', 'ראשון לציון החפץ חיים 4', '', 0, 'male', 'enable', '1521228446', '162.158.154.15', '3', 0),
(52, '', 'בלה', 'מיכלסון', 'לא זמין', 'assets/images/customer.png', 1, '15314cc3bddde506ce43df52cb9b7f7c', 'midan1812@gmail.com', '0504947646', 'אשדוד החלוצים 1 64', '', 311987226, 'male', 'enable', '1521928681', '141.101.107.110', '3', 0),
(53, '', 'Vick', 'Hana', 'לא זמין', 'assets/images/customer.png', 1, 'd7d038b2d275aa79647886385bf1ca2c', 'elmixil17@gmail.com', '0546549817', 'Tel aviv jaffa  0', 'OldStars', 0, 'female', 'enable', '1522496879', '172.69.130.6', '3', 0),
(54, '', 'idan', 'mihelson', 'לא זמין', 'assets/images/customer.png', 1, '5d90103619fff680a0496e6ae4bee284', 'mr_paypal@walla.com', '0587647646', 'ashdod hatzmaot 46', '', 327645727, 'male', 'enable', '1522547332', '141.101.107.110', '3', 0),
(55, '', 'אלכס', 'איוונוב', 'לא זמין', 'assets/images/customer.png', 1, 'fcf69ffbd6b0cb9370e0e37b1cb198e0', 'devilvirus1@gmail.com', '0542389868', 'תל הלאמשנה 555 222', '', 0, 'male', 'disable', '1523001699', '162.158.93.113', '3', 0),
(56, '', 'Chen', 'Itach', 'לא זמין', 'assets/images/customer.png', 1, '9369e6d96eeb83f0bdf1511216e99956', 'Chenitbit@gmail.com', '0509488089', 'Haifa Kadish loz, 33 0', 'Chenitbit', 0, 'male', 'disable', '1523313851', '172.68.62.174', '3', 0),
(57, '', 'אדם', 'טרוינובסקי', 'לא זמין', 'assets/images/customer.png', 1, '5d046e64c5f00540b0e06253c0185900', 'adamulyalox@gmail.com', '0543179862', 'אשקלון שדרות עופר 10', 'אין', 329188551, 'male', 'disable', '1523508084', '172.69.130.66', '3', 0),
(58, '', 'שי', 'אוטצי', 'לא זמין', 'assets/images/customer.png', 1, '6aff67e0725a8b4a0c8a0ca3dcfa26f0', 'shaiot1@walla.com', '0544822231', 'תל אביב  0', '', 0, 'male', 'disable', '1523985308', '172.69.130.96', '3', 0),
(59, '', 'בר', 'אלבו', 'לא זמין', 'assets/images/customer.png', 1, 'd3daacb3b5e0f67b311500dc42101d33', 'amiralbo556@gmail.com', '0523014654', 'בית דגן הרקפת 34 0', '', 324063239, 'male', 'enable', '1524055949', '172.69.130.72', '3', 0),
(60, '', 'אלון', 'אונדרין', 'לא זמין', 'assets/images/customer.png', 1, '1bde439b7f236421b37997ee59b31961', 'alon.ondrin@gmail.com', '0506389622', 'אריאל דרך הציונות -2', 'Play4fun', 215107780, 'male', 'enable', '1524056685', '162.158.91.79', '3', 0),
(61, '', 'נתן', 'שבתאייב', 'לא זמין', 'assets/images/customer.png', 1, 'e4f7f375ddd2bb37ddbe03815aba8687', 'natan802@icloud.com', '0523174064', 'נתניה  0', '', 0, 'male', 'disable', '1524850315', '141.101.105.8', '3', 0),
(62, '', 'נתנאל', 'בודג', 'לא זמין', 'assets/images/customer.png', 1, '7abcdd99c28c7fba2cbaa0c359e56ffb', 'reaperg75@gmail.com', '0502834949', 'אשקלון שלמה כהן 10', '', 204037212, 'male', 'disable', '1524906699', '172.69.130.30', '3', 0),
(63, '', 'ido', 'ovadya', 'לא זמין', 'assets/images/customer.png', 1, 'b5d7e7c5baff8a165f67a7e11a6e964d', 'ido99911@gmail.com', '0545977656', 'agag gagga, gagag 16', 'IdoServ', 2147483647, 'male', 'enable', '1525461384', '172.68.62.228', '3', 0),
(64, '', 'ofek', 'shimshi', 'לא זמין', 'assets/images/customer.png', 1, '46e171f1f71840462ef0b6eebc7721c6', 'horizon8312@gmail.com', '0533326216', 'Hadera  0', '', 0, 'female', 'disable', '1529245547', '172.69.130.84', '3', 0),
(65, '', 'רווה', 'דוידוביץ', 'לא זמין', 'assets/images/customer.png', 1, '6082c3507b33b9f66f7de40dec3a1e5b', 'KingSlow0982@gmail.com', '0545352052', 'בת ים  0', 'TheLegendS', 0, 'male', 'enable', '1529245624', '162.158.90.98', '3', 0),
(66, '', 'ofek', 'shimshi', 'לא זמין', 'assets/images/customer.png', 1, '251d00da77effbccf29d109a7166dc8a', 'horizon8312@walla.com', '0549722383', 'Hadera Tarna 24 0', '', 0, 'female', 'enable', '1529245879', '172.69.130.84', '3', 0),
(67, '', 'ofek', 'shimshi', 'לא זמין', 'assets/images/customer.png', 1, '4f52778c68a7dbe966c9917a5548c328', 'michaelasulin206@gmail.com', '0524723703', 'Hadera Tarna 24, rehovot 0', 'shimshasullingal', 0, 'male', 'enable', '1529246425', '172.69.130.84', '3', 0),
(68, '', 'yali', 'sperber', 'לא זמין', 'assets/images/customer.png', 1, 'ace289cf5a199d88902abec92e9513be', 'yalitv3@gmail.com', '0508999084', 'kiboz kiboz kfar mnham 0', '', 0, 'male', 'enable', '1529669985', '162.158.89.15', '3', 0),
(69, '', 'niv', 'niv', 'לא זמין', 'assets/images/customer.png', 1, 'b949ac46457f5bd2cd08725356cb746a', 'rgamehelp@gmail.com', '0526716784', 'כפר סבא אלפי משנה, פולג 119 119', '', 214450181, 'male', 'enable', '1529929176', '172.69.130.96', '3', 0),
(70, '', 'נתנאל', 'מרדכי', 'לא זמין', 'assets/images/customer.png', 1, 'd913611c17c5d76bddf1ea46863b00c3', 'nati.mordechai@gmail.com', '0526341488', 'חדרה הרב קוק 1', 'אין', 1, 'female', 'disable', '1530023599', '172.69.130.102', '3', 0),
(71, '', 'יובל', 'יפן', 'לא זמין', 'assets/images/customer.png', 1, '3041d7f895ce71d98c59ecc75857ff07', 'snopipro123@gmail.com', '0546123977', 'בית שמש הגברים 16', 'micraft ', 2147483647, 'male', 'enable', '1530130322', '141.101.107.104', '3', 0),
(72, '', 'ben', 'por', 'לא זמין', 'assets/images/customer.png', 1, 'ef78d9ea6ba56601b052aab08dab267f', 'banisbig@gmail.com', '0542436306', 'mevasert zion Building 18, apartment 4 0', '', 0, 'female', 'enable', '1530377456', '162.158.92.216', '3', 0),
(73, '', 'רוני', 'קפלן', 'לא זמין', 'assets/images/customer.png', 1, '5df9c9003edfc68deff474d1913b9f68', 'Ke3msyroni1234@gmail.com', '0542863059', '  0', '', 0, 'male', 'enable', '1531573364', '172.69.130.30', '3', 0),
(74, '', 'alla', 'wakbar', 'לא זמין', 'assets/images/customer.png', 1, '5416d7cd6ef195a0f7622a9c56b55e84', 'mamao@walla.com', '0506007008', 'tel aviv zainwwe 24', 'bak', 611511887, 'male', 'enable', '1531677003', '172.69.130.84', '3', 0),
(76, '', 'relax', 'pro', 'לא זמין', 'assets/images/customer.png', 1, '45e6680b09cfb5a0ed9e6f4995586718', 'relaxpro321@gmail.com', '0699654852', 'שלום; גדול 150', 'העסק יפה ', 2147483647, 'male', 'enable', '1531871039', '141.101.99.145', '3', 0),
(77, '', 'אושרי', 'עמר', 'לא זמין', 'assets/images/customer.png', 1, '8abf48a7d4741ae3b2551b94132afc49', 'oshriamar101002@gmail.com', '0528809755', 'חכחלב החחכח 42549', 'BizDev', 318870221, 'male', 'enable', '1531888409', '172.69.130.72', '3', 0),
(78, '', 'תומר', 'אלון', 'לא זמין', 'assets/images/customer.png', 1, '706becd60275d29c334bcb6b099264f7', 'tomera097@gmail.com', '0534326513', 'אשקלון משה קול 1 32', 'אין', 318998630, 'male', 'disable', '1532115124', '172.69.130.42', '3', 0),
(79, '', 'עדן', 'ביטון', 'לא זמין', 'assets/images/customer.png', 1, 'dd22ca7adaf47d73443b7bbd704a1d18', 'moshikobiton123@gmail.com', '0507772337', 'תל אביב נטעים 40', 'עדן ביטון בעמ', 318635711, 'male', 'enable', '1532186779', '172.69.130.42', '3', 0),
(80, '', 'Hype', 'Style', 'לא זמין', 'assets/images/customer.png', 1, '12fb5d32990b88390e00e4cb9e7c3a1e', 'newcommunityfor@gmail.com', '0549497313', 'גדרה פיקוס 4', 'HypeStyle', 211810874, 'male', 'disable', '1532457712', '162.158.155.244', '3', 0),
(81, '', 'דניאל', 'מצקר', 'לא זמין', 'assets/images/customer.png', 1, 'aefc209c743386c8e6afc7577feb0876', 'ulminate2341@gmail.com', '0534567803', '  0', '', 0, 'male', 'disable', '1532543945', '172.69.130.60', '3', 0),
(82, '', 'Relax', 'YNT', 'לא זמין', 'assets/images/customer.png', 1, 'f67ddcdab0343ea8916a1b22f7621b6e', 'yuvalkaminir@gmaio.com', '0546234567', 'ירושלים ישראל 55', 'יפה', 0, 'male', 'enable', '1532807860', '172.69.130.66', '3', 0),
(88, '', 'יהלי', 'וקנין', 'לא זמין', 'assets/images/customer.png', 1, '8456e975f5a644b95d61e59ee7296ba2', 'yahelivaknin1@gmail.com', '0587721840', 'כפר האורנים יהודה 22', '', 0, 'male', 'disable', '1534353694', '141.101.99.37', '3', 0),
(89, '', 'אורן', 'פרלמוטר', 'לא זמין', 'assets/images/customer.png', 1, '81a3f34eda260c28d6e9a3139221e037', 'oren1430@gmail.com', '0546200455', 'אשדוד העצמאות 17', 'אש על הגולש', 0, 'male', 'enable', '1534518844', '162.158.92.18', '3', 18361),
(90, '', 'קורן ', 'בלכמן ', 'לא זמין', 'assets/images/customer.png', 1, 'cafa0fdb3d1887f23207321fe11e56c1', 'blechman4@gmail.com', '0542350004', 'הוד השרון  הדחליל 2', 'GFA ', 330693573, 'male', 'disable', '1535102570', '141.101.107.170', '3', 0),
(91, '', 'tomer', 'horowitz', 'לא זמין', 'assets/images/customer.png', 1, 'aed74442a032fa2b75db8c9e78bfa62e', 'tomergt89@gmail.com', '0542885321', 'kfar sava ahemek 16', '', 322936600, 'male', 'enable', '1535150594', '172.69.130.84', '3', 0),
(92, '', 'זיו', 'מלול', 'לא זמין', 'assets/images/customer.png', 1, '3cfbc5f13e78f2839b96a5eff33e0c99', 'zivshato2@gmail.com', '0527998825', 'גבעת אבני אלון 84', 'egserver', 203359286, 'male', 'enable', '1535193236', '172.69.130.90', '2', 0),
(93, '', 'ליאל', 'אוחנה', 'לא זמין', 'assets/images/customer.png', 1, 'a2d44c0f4f6855037514134c5cd63e6e', 'ohanaliel@gmail.com', '0528615350', 'ירושלים יפה רום 42 0', 'ירושלים', 325169100, 'male', 'disable', '1535460804', '162.158.155.4', '3', 0),
(94, '', 'שי', 'בלייש', 'לא זמין', 'assets/images/customer.png', 1, '09cb22ad91a136bc4db3d0749c76b3fd', 'shybw17@gmail.com', '0509550996', 'עכו השיטה 12', 'Platinum-Mu', 316540780, 'male', 'enable', '1535876678', '162.158.94.28', '2', 0),
(95, '', 'יהונתן', 'בליס', 'לא זמין', 'assets/images/customer.png', 1, '8b4560cf2b5762a62ae9b6be6c49fab1', 'powchymc@gmail.com', '0509898973', '  0', 'Ocelot Community', 0, 'male', 'disable', '1535999413', '162.158.90.146', '3', 0),
(96, '', 'Orel', 'Bah', 'לא זמין', 'assets/images/customer.png', 1, '3726ea0615f03ab560aa2fea379aa104', 'orelb.ins@gmail.com', '0528398985', '  0', '', 0, 'male', 'disable', '1536371889', '162.158.93.89', '3', 0),
(97, '', '‫עילאי', 'גולן‬‎', 'לא זמין', 'assets/images/customer.png', 1, 'd65348099b104b5466340d232ba1cefd', 'ilaygolan73@gmail.com', '0536412317', 'none', 'none', 0, 'male', 'enable', '1536402158', '141.101.99.73', '2', 0),
(99, '', 'ta', 'far', 'לא זמין', 'assets/images/customer.png', 1, 'a06416c9498df6b8c0e57180a85e19f0', 'godzflyff@gmail.com', '0547364633', 'TelAviv TelAviv 12', 'replay', 318564852, 'female', 'disable', '1536421170', '141.101.107.164', '3', 0),
(100, '', 'Afik', 'Habaz', 'לא זמין', 'assets/images/customer.png', 1, '0ee3043d544307804560b3457b45aa2d', 'afik762@gmail.com', '0526781505', 'Sde Nehemia Hamaniot 124', 'A.H. co', 322893504, 'male', 'disable', '1536423259', '162.158.154.105', '3', 0),
(101, '', 'אביחי', 'קורסיה ', 'לא זמין', 'assets/images/customer.png', 1, 'e807f1fcf82d132f9bb018ca6738a19f', 'avihai470@gmail.com', '0503648711', 'קריית גת   אליהו הנביא 10  2', '', 209268192, 'female', 'disable', '1536492885', '172.69.130.48', '2', 0),
(102, '', 'בר ', 'מוסה', 'לא זמין', 'assets/images/customer.png', 1, '532049bdfd2c15fb5f00e58e0a51ce76', 'bar036340318', '0558823111', 'אור יהודה ירושלים 7', 'WePlay ', 213336365, 'male', 'enable', '1536739516', '162.158.154.225', '3', 0),
(103, '', 'אביאל', 'דקל', 'לא זמין', 'assets/images/customer.png', 1, '6d3ded079366b46359f6bcfa5476be2d', 'avieldekel4@gmail.com', '0504461202', 'נהריה החרמון 8', '-', 322704495, 'male', 'disable', '1536853112', '172.69.130.42', '3', 0),
(104, '', 'רועי', 'חסוי', 'לא זמין', 'assets/images/customer.png', 1, 'c06db68e819be6ec3d26c6038d8e8d1f', 'roybs1106@gmail.com', '0542069020', 'ישראל ישראל 1', '1', 201678225, 'male', 'disable', '1536922407', '162.158.154.21', '3', 0),
(105, '', 'Hai', 'Moyal', 'לא זמין', 'assets/images/customer.png', 1, 'f5bb0c8de146c67b44babbf4e6584cc0', 'haimoyal11@gmail.com', '0558392203', 'Yafo 33938 21', '', 202918300, 'male', 'disable', '1537026185', '162.158.18.240', '3', 0),
(106, '', 'רועי', 'חסוי', 'לא זמין', 'assets/images/customer.png', 1, 'c06db68e819be6ec3d26c6038d8e8d1f', 'doroybs@netvision.net.il', '0541234567', 'ישראל ישראל 1', '', 201543665, 'male', 'disable', '1537038369', '162.158.154.21', '3', 18361),
(107, '', 'barr', 'mosaa', 'לא זמין', 'assets/images/customer.png', 1, '532049bdfd2c15fb5f00e58e0a51ce76', 'weplay03390@gmail.com', '0522441027', 'אור יהודה ירושלים 5', '555', 213336365, 'male', 'enable', '1537112184', '141.101.107.242', '3', 0),
(108, '', 'דור', 'כהן', 'לא זמין', 'assets/images/customer.png', 1, 'ee9b4c1f7780762e78fa1f6f5926c17c', 'Dorcohen236@gmail.com', '0528845963', 'ירושלים לאצריך 2', '', 318870227, 'male', 'disable', '1537117528', '172.69.130.48', '2', 0),
(109, '', 'בני', 'דויד', 'לא זמין', 'assets/images/customer.png', 1, 'bf6e30998bd6000f3e8ecc179f65b0b8', 'beni2468123@gmail.com', '0543975142', 'תל אביב שדרות הנשיא 17', 'פרק איכותי', 323655217, 'male', 'disable', '1537196351', '162.158.155.64', '3', 0);

-- --------------------------------------------------------

--
-- Table structure for table `turing_messages`
--

CREATE TABLE `turing_messages` (
  `id` int(11) NOT NULL,
  `content` longtext NOT NULL,
  `tickets_id` text NOT NULL,
  `userid` text NOT NULL,
  `date` text NOT NULL,
  `ip` text NOT NULL
) ENGINE=InnoDB DEFAULT CHARSET=utf8;

--
-- Dumping data for table `turing_messages`
--

INSERT INTO `turing_messages` (`id`, `content`, `tickets_id`, `userid`, `date`, `ip`) VALUES
(1, 'בטיפול.', '1', '10', '1516984407', '162.158.155.34'),
(2, 'טופל , אם יהיה לך בעיה בנושא כלשהו תפתח פניה חדשה.', '1', '10', '1517498631', '162.158.155.4'),
(3, 'ככככככככככככככככככככככככככככככככככככככככ', '2', '13', '1531509038', '162.158.88.52'),
(4, 'כככככככככככככככככככככ', '2', '13', '1531509075', '162.158.88.52');

-- --------------------------------------------------------

--
-- Table structure for table `turing_orders`
--

CREATE TABLE `turing_orders` (
  `id` int(11) NOT NULL,
  `date` text NOT NULL,
  `userid` text NOT NULL,
  `productid` text NOT NULL,
  `extra` text,
  `status` text NOT NULL,
  `ip` text NOT NULL,
  `broker_id` int(10) NOT NULL,
  `Cost` int(10) NOT NULL,
  `transaction_id` varchar(50) DEFAULT NULL,
  `payer_email` varchar(50) DEFAULT NULL
) ENGINE=InnoDB DEFAULT CHARSET=utf8;

--
-- Dumping data for table `turing_orders`
--

INSERT INTO `turing_orders` (`id`, `date`, `userid`, `productid`, `extra`, `status`, `ip`, `broker_id`, `Cost`, `transaction_id`, `payer_email`) VALUES
(15, '1537026304', '105', '1', '', '1', '162.158.18.240', 0, 0, NULL, NULL),
(19, '1537112226', '107', '1', '', '1', '141.101.107.242', 0, 0, NULL, NULL),
(22, '1537180295', '63', '1', '', '1', '172.69.130.48', 0, 0, NULL, NULL),
(23, '1537196391', '109', '1', '', '1', '162.158.155.64', 0, 0, NULL, NULL),
(24, '1537251903', '47', '5', NULL, '1', '172.68.132.169', 0, 1, '4BV76239P2026143J', 'adarelkabetz0@gmail.com');

-- --------------------------------------------------------

--
-- Table structure for table `turing_paypal_orders`
--

CREATE TABLE `turing_paypal_orders` (
  `id` int(11) NOT NULL,
  `amount` int(11) NOT NULL,
  `currency` varchar(50) NOT NULL,
  `product_id` int(11) NOT NULL,
  `user_id` int(11) NOT NULL,
  `hash` varchar(50) NOT NULL,
  `broker_id` int(5) NOT NULL
) ENGINE=InnoDB DEFAULT CHARSET=latin1;

--
-- Dumping data for table `turing_paypal_orders`
--

INSERT INTO `turing_paypal_orders` (`id`, `amount`, `currency`, `product_id`, `user_id`, `hash`, `broker_id`) VALUES
(119, 1, 'ILS', 5, 108, '7ec7ecc60db328f95b37c7527d544c80', 0),
(120, 1, 'ILS', 5, 47, '1b562dba674f74c7f24f2eea6f414e64', 0),
(121, 200, 'ILS', 30, 63, '2e0bcce22195491713f9c6766b630324', 0),
(122, 150, 'ILS', 29, 63, '6cfcdc4f8ceb53d7c37e1be10b105df2', 0),
(123, 150, 'ILS', 29, 63, 'b8b97f43c40ec2eb273adcd7fd03d70d', 0),
(124, 1, 'ILS', 5, 47, 'd6adf1a29835f2bbf05b239bd0b2112e', 0);

-- --------------------------------------------------------

--
-- Table structure for table `turing_paypal_transactions`
--

CREATE TABLE `turing_paypal_transactions` (
  `id` int(11) NOT NULL,
  `transaction_id` varchar(50) DEFAULT NULL,
  `amount` int(11) NOT NULL,
  `currency` varchar(50) NOT NULL,
  `user_id` int(11) NOT NULL,
  `order_time` int(11) NOT NULL,
  `status` varchar(50) NOT NULL,
  `payer_email` varchar(50) NOT NULL
) ENGINE=InnoDB DEFAULT CHARSET=latin1;

-- --------------------------------------------------------

--
-- Table structure for table `turing_product`
--

CREATE TABLE `turing_product` (
  `id` int(11) NOT NULL,
  `title` text NOT NULL,
  `price` text NOT NULL,
  `parameters` text NOT NULL,
  `type` enum('hosts','virtual','reseller','servers','clouds','domains','dedi') NOT NULL,
  `date` text NOT NULL,
  `index` text NOT NULL,
  `recommended` tinyint(1) NOT NULL
) ENGINE=InnoDB DEFAULT CHARSET=utf8;

--
-- Dumping data for table `turing_product`
--

INSERT INTO `turing_product` (`id`, `title`, `price`, `parameters`, `type`, `date`, `index`, `recommended`) VALUES
(1, 'חבילת ניסיון', '0', '{\"storage\":\"50MB\",\"traffic\":\"ללא הגבלה\",\"os\":\"Linux\",\"panel\":\"Directadmin\",\"domain\":\"1\",\"mails\":\"ללא הגבלה\",\"flag\":\"ישראל\"}', 'hosts', '1514656547', '1', 0),
(2, 'חבילת מתחיל', '10', '{\"storage\":\"125MB\",\"traffic\":\"ללא הגבלה\",\"os\":\"Linux\",\"panel\":\"Directadmin\",\"domain\":\"5\",\"mails\":\"ללא הגבלה\",\"flag\":\"ישראל\"}', 'hosts', '1514656321', '2', 0),
(3, 'חבילת מתקדם', '15', '{\"storage\":\"1GB\",\"traffic\":\"ללא הגבלה\",\"os\":\"Linux\",\"panel\":\"Directadmin\",\"domain\":\"10\",\"mails\":\"ללא הגבלה\",\"flag\":\"ישראל\"}', 'hosts', '1514655166', '3', 1),
(4, 'חבילת סקייוורק', '20', '{\"storage\":\"ללא הגבלה\",\"traffic\":\"ללא הגבלה\",\"os\":\"Linux\",\"panel\":\"Directadmin\",\"domain\":\"ללא הגבלה\",\"mails\":\"ללא הגבלה\",\"flag\":\"ישראל\"}', 'hosts', '1514656388', '4', 0),
(5, 'וירטואלי מתחיל', '80', '{\"prossesor\":\"Intel  Xeon E5-2630 v3\",\"lib\":\"1\",\"space\":\"ללא הגבלה\",\"ddos\":\"1\",\"ip\":\"1\",\"memory\":\"1GB\",\"whereserver\":\"ישראל\",\"disk\":\"20GB\"}', 'virtual', '1514651043', '1', 0),
(29, 'וירטואלי מתקדם', '100', '{\"prossesor\":\"Intel  Xeon E5-2630 v3\",\"lib\":\"1\",\"space\":\"ללא הגבלה\",\"ddos\":\"1\",\"ip\":\"1\",\"memory\":\"2GB\",\"whereserver\":\"ישראל\",\"disk\":\"30GB\"}', 'virtual', '1514667647', '2', 0),
(30, 'וירטואלי מומלץ', '150', '{\"prossesor\":\"Intel  Xeon E5-2630 v3\",\"lib\":\"2\",\"space\":\"ללא הגבלה\",\"ddos\":\"1\",\"ip\":\"1\",\"memory\":\"4GB\",\"whereserver\":\"ישראל\",\"disk\":\"60GB\"}', 'virtual', '1514667684', '3', 0),
(31, 'וירטואלי פרימיום', '250', '{\"prossesor\":\"Intel  Xeon E5-2630 v3\",\"lib\":\"2\",\"space\":\"ללא הגבלה\",\"ddos\":\"1\",\"ip\":\"1\",\"memory\":\"8GB\",\"whereserver\":\"ישראל\",\"disk\":\"100GB\"}', 'virtual', '1514667708', '4', 0),
(38, 'חבילה גדולה', '200', '{\"game\":\"mc\",\"players\":\"500\",\"mods\":\"2\",\"ddos\":\"1\",\"panel\":\"2\",\"ftp\":\"1\"}', 'servers', '1514637152', '4', 0),
(39, 'חבילה מתחילה', '250', '{\"game\":\"mu\",\"files\":\"1\",\"ram\":\"4\",\"rdp\":\"1\",\"website\":\"1\",\"ddos\":\"1\",\"panel\":\"1\"}', 'servers', '1514639806', '1', 0),
(40, 'חבילה מתחילה', '350', '{\"game\":\"fl\",\"files\":\"1\",\"ram\":\"4\",\"website\":\"1\",\"rdp\":\"1\",\"ddos\":\"1\",\"panel\":\"1\"}', 'servers', '1514639874', '1', 0),
(41, 'חבילה בינונית', '400', '{\"game\":\"fl\",\"files\":\"1\",\"ram\":\"6\",\"website\":\"1\",\"rdp\":\"1\",\"ddos\":\"1\",\"panel\":\"1\"}', 'servers', '1514641400', '2', 0),
(42, 'חבילה מתקדמת', '75', '{\"game\":\"samp\",\"players\":\"250\",\"mods\":\"2\",\"ddos\":\"1\",\"panel\":\"2\",\"ftp\":\"1\"}', 'servers', '1514641544', '3', 0),
(43, 'חבילה בינונית', '35', '{\"game\":\"csgo\",\"players\":\"16\",\"mods\":\"1\",\"ddos\":\"1\",\"panel\":\"1\",\"ftp\":\"1\"}', 'servers', '1514642059', '2', 0),
(44, 'חבילה מתחילה', '12', '{\"game\":\"cs\",\"players\":\"12\",\"mods\":\"2\",\"ddos\":\"1\",\"panel\":\"2\",\"ftp\":\"1\"}', 'servers', '1514642634', '1', 0),
(45, 'חבילה מתחילה', '18', '{\"game\":\"gm\",\"players\":\"12\",\"mods\":\"1\",\"ddos\":\"1\",\"panel\":\"1\",\"ftp\":\"1\"}', 'servers', '1514642752', '1', 0),
(54, 'חבילה מתחילה', '25', '{\"game\":\"csgo\",\"players\":\"12\",\"mods\":\"1\",\"ddos\":\"1\",\"panel\":\"1\",\"ftp\":\"1\"}', 'servers', '1514658005', '1', 0),
(55, 'חבילה מתקדמת', '55', '{\"game\":\"csgo\",\"players\":\"24\",\"mods\":\"1\",\"ddos\":\"1\",\"panel\":\"1\",\"ftp\":\"1\"}', 'servers', '1514658046', '2', 0),
(56, 'חבילה גדולה', '60', '{\"game\":\"csgo\",\"players\":\"32\",\"mods\":\"1\",\"ddos\":\"1\",\"panel\":\"1\",\"ftp\":\"1\"}', 'servers', '1514658246', '4', 0),
(57, 'חבילה בינונית', '16', '{\"game\":\"cs\",\"players\":\"16\",\"mods\":\"1\",\"ddos\":\"1\",\"panel\":\"1\",\"ftp\":\"1\"}', 'servers', '1514662130', '1', 0),
(58, 'חבילה מתקדמת', '24', '{\"game\":\"cs\",\"players\":\"24\",\"mods\":\"1\",\"ddos\":\"1\",\"panel\":\"1\",\"ftp\":\"1\"}', 'servers', '1514662162', '2', 0),
(59, 'חבילה גדולה', '32', '{\"game\":\"cs\",\"players\":\"32\",\"mods\":\"1\",\"ddos\":\"1\",\"panel\":\"1\",\"ftp\":\"1\"}', 'servers', '1514662200', '3', 0),
(60, 'חבילה בינונית', '24', '{\"game\":\"gm\",\"players\":\"16\",\"mods\":\"1\",\"ddos\":\"1\",\"panel\":\"1\",\"ftp\":\"1\"}', 'servers', '1514662683', '2', 0),
(61, 'חבילה מתקדמת', '24', '{\"game\":\"gm\",\"players\":\"24\",\"mods\":\"1\",\"ddos\":\"1\",\"panel\":\"1\",\"ftp\":\"1\"}', 'servers', '1514662759', '3', 0),
(62, 'חבילה גדולה', '32', '{\"game\":\"gm\",\"players\":\"32\",\"mods\":\"1\",\"ddos\":\"1\",\"panel\":\"1\",\"ftp\":\"1\"}', 'servers', '1514662787', '4', 0),
(63, 'חבילה מתחילה', '50', '{\"game\":\"mc\",\"players\":\"50\",\"mods\":\"2\",\"ddos\":\"1\",\"panel\":\"2\",\"ftp\":\"1\"}', 'servers', '1514666463', '1', 0),
(64, 'חבילה בינונית', '75', '{\"game\":\"mc\",\"players\":\"100\",\"mods\":\"2\",\"ddos\":\"1\",\"panel\":\"2\",\"ftp\":\"1\"}', 'servers', '1514666485', '2', 0),
(65, 'חבילה מתקדמת', '100', '{\"game\":\"mc\",\"players\":\"250\",\"mods\":\"2\",\"ddos\":\"1\",\"panel\":\"2\",\"ftp\":\"1\"}', 'servers', '1514666519', '3', 0),
(66, 'חבילה בינונית', '300', '{\"game\":\"mu\",\"files\":\"1\",\"ram\":\"6\",\"rdp\":\"1\",\"website\":\"1\",\"ddos\":\"1\",\"panel\":\"1\"}', 'servers', '1514666619', '2', 0),
(67, 'חבילה מתקדמת', '350', '{\"game\":\"mu\",\"files\":\"1\",\"ram\":\"8\",\"rdp\":\"1\",\"website\":\"1\",\"ddos\":\"1\",\"panel\":\"1\"}', 'servers', '1514666636', '3', 0),
(68, 'חבילה גדולה', '450', '{\"game\":\"mu\",\"files\":\"1\",\"ram\":\"12\",\"rdp\":\"1\",\"website\":\"1\",\"ddos\":\"1\",\"panel\":\"1\"}', 'servers', '1514666651', '4', 0),
(69, 'חבילה מתקדמת', '450', '{\"game\":\"fl\",\"files\":\"1\",\"ram\":\"8\",\"website\":\"1\",\"rdp\":\"1\",\"ddos\":\"1\",\"panel\":\"1\"}', 'servers', '1514666762', '3', 0),
(70, 'חבילה גדולה', '500', '{\"game\":\"fl\",\"files\":\"1\",\"ram\":\"10\",\"website\":\"1\",\"rdp\":\"1\",\"ddos\":\"1\",\"panel\":\"1\"}', 'servers', '1514666774', '4', 0),
(71, 'חבילה מתחילה', '25', '{\"game\":\"samp\",\"players\":\"50\",\"mods\":\"1\",\"ddos\":\"1\",\"panel\":\"1\",\"ftp\":\"1\"}', 'servers', '1514666813', '1', 0),
(72, 'חבילה בינונית', '50', '{\"game\":\"samp\",\"players\":\"100\",\"mods\":\"1\",\"ddos\":\"1\",\"panel\":\"1\",\"ftp\":\"1\"}', 'servers', '1514666836', '2', 0),
(73, 'חבילה גדולה', '130', '{\"game\":\"samp\",\"players\":\"500\",\"mods\":\"1\",\"ddos\":\"1\",\"panel\":\"1\",\"ftp\":\"1\"}', 'servers', '1514666906', '4', 0),
(80, 'גיבוי בענן 40GB', '150', '{\"whereserver\":\"צרפת\",\"disk\":\"40GB\"}', 'clouds', '1515024234', '2', 0),
(81, 'גיבוי בענן 20GB', '90', '{\"whereserver\":\"ישראל\",\"disk\":\"20GB\"}', 'clouds', '1515024246', '1', 0),
(82, 'גיבוי בענן 100GB', '300', '{\"whereserver\":\"צרפת\",\"disk\":\"100GB\"}', 'clouds', '1515024260', '3', 0),
(83, 'Co.il', '70', '{\"whereserver\":\"BOX\",\"disk\":\"co.il\"}', 'domains', '1515024815', '1', 0),
(84, 'com', '50', '{\"whereserver\":\"Godaddy/BOX\",\"disk\":\"com\"}', 'domains', '1515025227', '2', 0),
(85, 'net', '75', '{\"whereserver\":\"Godaddy/BOX\",\"disk\":\"net\"}', 'domains', '1515025242', '3', 0),
(86, 'info', '45', '{\"whereserver\":\"Godaddy/BOX\",\"disk\":\"info\"}', 'domains', '1515025283', '4', 0),
(87, 'biz', '50', '{\"whereserver\":\"Godaddy/BOX\",\"disk\":\"biz\"}', 'domains', '1515025448', '5', 0),
(88, 'co', '70', '{\"whereserver\":\"Godaddy/BOX\",\"disk\":\"co\"}', 'domains', '1515025482', '6', 0);

-- --------------------------------------------------------

--
-- Table structure for table `turing_recommended`
--

CREATE TABLE `turing_recommended` (
  `id` int(11) NOT NULL,
  `name` text NOT NULL,
  `content` text NOT NULL,
  `company` text NOT NULL,
  `logo` text NOT NULL,
  `Link` varchar(35) NOT NULL
) ENGINE=InnoDB DEFAULT CHARSET=utf8;

--
-- Dumping data for table `turing_recommended`
--

INSERT INTO `turing_recommended` (`id`, `name`, `content`, `company`, `logo`, `Link`) VALUES
(14, 'סתיו אלישייב', 'SkyWork עזרו לי בכל זמן שהייתי צריך עזרה , דאגו לי לשירות הטוב ביותר שיכלתי לקבל.', 'ReMatch', 'https://skywork.co.il/rematch.png', ''),
(15, 'אושר מיילי', 'סקייוורק עזרו ותמכו בי 24/7 ובנוסף לזה השרתים שלהם מהירים וחזקים', 'PremiumMu', 'http://www.interload.co.il/upload/5439462.png', 'http://www.premiummu.co.il/'),
(16, 'טל יקיר', 'SkyWork חברה מקצועית עם שירות מעל ומעבר תמכו בי ועזרו לי גם בשעות הקטנות של הלילה ', 'PlayG', 'https://skywork.co.il/playg.png', ''),
(17, 'נוי בואנו', 'סקייורק עזרו לי בשעות הקטנות של הלילה ודאגו לעזור לי להקים את העסק שלי במהירות , שירות ושרתים מעולים !', 'שרתי משחק', 'https://skywork.co.il/game.png', ''),
(18, 'טל שין', 'סקייוורק תמכו בי ודאגו לי בכל מה שהייתי צריך , גם בנושאים שהם לא היו חייבים לתת לי תמיכה הם עזרו לי בכל שלב ', 'MyDogo', 'https://skywork.co.il/dogo.png', '#');

-- --------------------------------------------------------

--
-- Table structure for table `turing_services`
--

CREATE TABLE `turing_services` (
  `id` int(11) NOT NULL,
  `name` text NOT NULL,
  `content` mediumtext NOT NULL,
  `icon` text NOT NULL,
  `index` int(11) NOT NULL
) ENGINE=InnoDB DEFAULT CHARSET=utf8;

--
-- Dumping data for table `turing_services`
--

INSERT INTO `turing_services` (`id`, `name`, `content`, `icon`, `index`) VALUES
(4, 'אחסון אתרים', 'אחסון אתרים בסקייוורק הינו אחסון יציב ומהיר שירות שמתאים לאתרים תדמיתיים בכל גודל', '', 1),
(8, 'שרתים וירטואלים', 'שרת וירטואלי מהווה פתרון מושלם לבעלי צרכים בשרתים פרטים אשר מעוניינים לקבל את אותה התמורה בתשלום חודשי מופחת   ', '', 2),
(9, 'הגנות דידוס', 'לחברתנו שרתים מוגנים בהגנת DDOS המגנה מרוב ההתקפות שיש כיום ברשת', '', 3);

-- --------------------------------------------------------

--
-- Table structure for table `turing_settings`
--

CREATE TABLE `turing_settings` (
  `id` int(11) NOT NULL,
  `title` text NOT NULL,
  `words` text NOT NULL,
  `description` longtext NOT NULL,
  `status` int(11) NOT NULL,
  `phonenumber` text NOT NULL,
  `email` text NOT NULL,
  `address` text NOT NULL
) ENGINE=InnoDB DEFAULT CHARSET=utf8;

--
-- Dumping data for table `turing_settings`
--

INSERT INTO `turing_settings` (`id`, `title`, `words`, `description`, `status`, `phonenumber`, `email`, `address`) VALUES
(1, 'סקייוורק &gt; אחסון אתרים החל מ10₪ לחודש', 'שרתי משחק , אירוח אתרים , אחסון אתרים , שרתים וירטואלים, אירוח שרתים , סיאס גו , שרתי VPS, ארבור, הגנות דידוס,  תעודות SSL , בניית אתרים , הגנות DDOS , VPS Windows , שרתי ווינדוס , שרת וירטואלי , שרתי משחק בזול , אחסון אתרים חינמי, בניית אתרים , SSH2', 'אנחנו בסקייוורק מספקים: אחסון אתרים,שרתים וירטואלים,שרתי משחק,דומיינים ועוד. שריתנו מאוחסן בישראל ומוגן מפני התקפות באמצעות Arbor על מנת לספק ללקוח שירות יציב ומהיר', 1, '050-5800-258', 'skywork17@gmail.com', 'החורשה 30 , תל אביב');

-- --------------------------------------------------------

--
-- Table structure for table `turing_tickets`
--

CREATE TABLE `turing_tickets` (
  `id` int(11) NOT NULL,
  `title` text NOT NULL,
  `content` text NOT NULL,
  `date` text NOT NULL,
  `status` text NOT NULL,
  `per` text NOT NULL,
  `userid` text NOT NULL,
  `ip` text NOT NULL
) ENGINE=InnoDB DEFAULT CHARSET=utf8;

--
-- Dumping data for table `turing_tickets`
--

INSERT INTO `turing_tickets` (`id`, `title`, `content`, `date`, `status`, `per`, `userid`, `ip`) VALUES
(1, 'טקטיקל אמיו ', 'Tacticalmu.co.il\r\nפרטים לאחסון שרת אמיו\r\nאימייל natishitubi@gmail.com\r\nסיסמה 056827374n\r\nשם פרטי ושם משפחה Netanel Shitubi', '1516983480', '2', '10', '28', '162.158.155.106'),
(2, 'עכגעכגעכג', 'עכגעכגעכגעכגעכגעכגעכגעכגעכגעכגעכגעכגעכגעכגעכגעכגעכגעכגעכגעכגעכגעכגעכגעכגעכגעכגעכגעכגעכגעכג', '1531509014', '2', '13', '13', '162.158.88.52'),
(3, 'בדיקה', 'בדיקה\r\n', '1536692928', '2', '', '10', '172.69.130.48');

--
-- Indexes for dumped tables
--

--
-- Indexes for table `turing_contact`
--
ALTER TABLE `turing_contact`
  ADD PRIMARY KEY (`id`);

--
-- Indexes for table `turing_editblock`
--
ALTER TABLE `turing_editblock`
  ADD PRIMARY KEY (`id`);

--
-- Indexes for table `turing_links`
--
ALTER TABLE `turing_links`
  ADD PRIMARY KEY (`id`);

--
-- Indexes for table `turing_members`
--
ALTER TABLE `turing_members`
  ADD PRIMARY KEY (`id`);

--
-- Indexes for table `turing_messages`
--
ALTER TABLE `turing_messages`
  ADD PRIMARY KEY (`id`);

--
-- Indexes for table `turing_orders`
--
ALTER TABLE `turing_orders`
  ADD PRIMARY KEY (`id`);

--
-- Indexes for table `turing_paypal_orders`
--
ALTER TABLE `turing_paypal_orders`
  ADD PRIMARY KEY (`id`);

--
-- Indexes for table `turing_paypal_transactions`
--
ALTER TABLE `turing_paypal_transactions`
  ADD PRIMARY KEY (`id`);

--
-- Indexes for table `turing_product`
--
ALTER TABLE `turing_product`
  ADD PRIMARY KEY (`id`);

--
-- Indexes for table `turing_recommended`
--
ALTER TABLE `turing_recommended`
  ADD PRIMARY KEY (`id`);

--
-- Indexes for table `turing_services`
--
ALTER TABLE `turing_services`
  ADD PRIMARY KEY (`id`);

--
-- Indexes for table `turing_settings`
--
ALTER TABLE `turing_settings`
  ADD PRIMARY KEY (`id`);

--
-- Indexes for table `turing_tickets`
--
ALTER TABLE `turing_tickets`
  ADD PRIMARY KEY (`id`);

--
-- AUTO_INCREMENT for dumped tables
--

--
-- AUTO_INCREMENT for table `turing_contact`
--
ALTER TABLE `turing_contact`
  MODIFY `id` int(11) NOT NULL AUTO_INCREMENT;

--
-- AUTO_INCREMENT for table `turing_editblock`
--
ALTER TABLE `turing_editblock`
  MODIFY `id` int(11) NOT NULL AUTO_INCREMENT, AUTO_INCREMENT=15;

--
-- AUTO_INCREMENT for table `turing_links`
--
ALTER TABLE `turing_links`
  MODIFY `id` int(11) NOT NULL AUTO_INCREMENT, AUTO_INCREMENT=24;

--
-- AUTO_INCREMENT for table `turing_members`
--
ALTER TABLE `turing_members`
  MODIFY `id` int(11) NOT NULL AUTO_INCREMENT, AUTO_INCREMENT=110;

--
-- AUTO_INCREMENT for table `turing_messages`
--
ALTER TABLE `turing_messages`
  MODIFY `id` int(11) NOT NULL AUTO_INCREMENT, AUTO_INCREMENT=5;

--
-- AUTO_INCREMENT for table `turing_orders`
--
ALTER TABLE `turing_orders`
  MODIFY `id` int(11) NOT NULL AUTO_INCREMENT, AUTO_INCREMENT=25;

--
-- AUTO_INCREMENT for table `turing_paypal_orders`
--
ALTER TABLE `turing_paypal_orders`
  MODIFY `id` int(11) NOT NULL AUTO_INCREMENT, AUTO_INCREMENT=125;

--
-- AUTO_INCREMENT for table `turing_paypal_transactions`
--
ALTER TABLE `turing_paypal_transactions`
  MODIFY `id` int(11) NOT NULL AUTO_INCREMENT, AUTO_INCREMENT=8;

--
-- AUTO_INCREMENT for table `turing_product`
--
ALTER TABLE `turing_product`
  MODIFY `id` int(11) NOT NULL AUTO_INCREMENT, AUTO_INCREMENT=89;

--
-- AUTO_INCREMENT for table `turing_recommended`
--
ALTER TABLE `turing_recommended`
  MODIFY `id` int(11) NOT NULL AUTO_INCREMENT, AUTO_INCREMENT=19;

--
-- AUTO_INCREMENT for table `turing_services`
--
ALTER TABLE `turing_services`
  MODIFY `id` int(11) NOT NULL AUTO_INCREMENT, AUTO_INCREMENT=10;

--
-- AUTO_INCREMENT for table `turing_settings`
--
ALTER TABLE `turing_settings`
  MODIFY `id` int(11) NOT NULL AUTO_INCREMENT, AUTO_INCREMENT=2;

--
-- AUTO_INCREMENT for table `turing_tickets`
--
ALTER TABLE `turing_tickets`
  MODIFY `id` int(11) NOT NULL AUTO_INCREMENT, AUTO_INCREMENT=4;
COMMIT;

/*!40101 SET CHARACTER_SET_CLIENT=@OLD_CHARACTER_SET_CLIENT */;
/*!40101 SET CHARACTER_SET_RESULTS=@OLD_CHARACTER_SET_RESULTS */;
/*!40101 SET COLLATION_CONNECTION=@OLD_COLLATION_CONNECTION */;
